product_id,name,product_number,color,list_price,product_subcategory_id,date_modified
1,Adjustable Race-test,AR-5381,,0,,2014-02-08 10:01:36.827
2,Bearing Ball,BA-8327,,0,,2014-02-08 10:01:36.827
3,BB Ball Bearing,BE-2349,,0,,2014-02-08 10:01:36.827
4,Headset Ball Bearings,BE-2908,,0,,2014-02-08 10:01:36.827
316,Blade,BL-2036,,0,,2014-02-08 10:01:36.827
317,LL Crankarm,CA-5965,Black,0,,2014-02-08 10:01:36.827
318,ML Crankarm,CA-6738,Black,0,,2014-02-08 10:01:36.827
319,HL Crankarm,CA-7457,Black,0,,2014-02-08 10:01:36.827
320,Chainring Bolts,CB-2903,Silver,0,,2014-02-08 10:01:36.827
321,Chainring Nut,CN-6137,Silver,0,,2014-02-08 10:01:36.827
322,Chainring,CR-7833,Black,0,,2014-02-08 10:01:36.827
323,Crown Race,CR-9981,,0,,2014-02-08 10:01:36.827
324,Chain Stays,CS-2812,,0,,2014-02-08 10:01:36.827
325,Decal 1,DC-8732,,0,,2014-02-08 10:01:36.827
326,Decal 2,DC-9824,,0,,2014-02-08 10:01:36.827
327,Down Tube,DT-2377,,0,,2014-02-08 10:01:36.827
328,Mountain End Caps,EC-M092,,0,,2014-02-08 10:01:36.827
329,Road End Caps,EC-R098,,0,,2014-02-08 10:01:36.827
330,Touring End Caps,EC-T209,,0,,2014-02-08 10:01:36.827
331,Fork End,FE-3760,,0,,2014-02-08 10:01:36.827
332,Freewheel,FH-2981,Silver,0,,2014-02-08 10:01:36.827
341,Flat Washer 1,FW-1000,,0,,2014-02-08 10:01:36.827
342,Flat Washer 6,FW-1200,,0,,2014-02-08 10:01:36.827
343,Flat Washer 2,FW-1400,,0,,2014-02-08 10:01:36.827
344,Flat Washer 9,FW-3400,,0,,2014-02-08 10:01:36.827
345,Flat Washer 4,FW-3800,,0,,2014-02-08 10:01:36.827
346,Flat Washer 3,FW-5160,,0,,2014-02-08 10:01:36.827
347,Flat Washer 8,FW-5800,,0,,2014-02-08 10:01:36.827
348,Flat Washer 5,FW-7160,,0,,2014-02-08 10:01:36.827
349,Flat Washer 7,FW-9160,,0,,2014-02-08 10:01:36.827
350,Fork Crown,FC-3654,,0,,2014-02-08 10:01:36.827
351,Front Derailleur Cage,FC-3982,Silver,0,,2014-02-08 10:01:36.827
352,Front Derailleur Linkage,FL-2301,Silver,0,,2014-02-08 10:01:36.827
355,Guide Pulley,GP-0982,,0,,2014-02-08 10:01:36.827
356,LL Grip Tape,GT-0820,,0,,2014-02-08 10:01:36.827
357,ML Grip Tape,GT-1209,,0,,2014-02-08 10:01:36.827
358,HL Grip Tape,GT-2908,,0,,2014-02-08 10:01:36.827
359,Thin-Jam Hex Nut 9,HJ-1213,,0,,2014-02-08 10:01:36.827
360,Thin-Jam Hex Nut 10,HJ-1220,,0,,2014-02-08 10:01:36.827
361,Thin-Jam Hex Nut 1,HJ-1420,,0,,2014-02-08 10:01:36.827
362,Thin-Jam Hex Nut 2,HJ-1428,,0,,2014-02-08 10:01:36.827
363,Thin-Jam Hex Nut 15,HJ-3410,,0,,2014-02-08 10:01:36.827
364,Thin-Jam Hex Nut 16,HJ-3416,,0,,2014-02-08 10:01:36.827
365,Thin-Jam Hex Nut 5,HJ-3816,,0,,2014-02-08 10:01:36.827
366,Thin-Jam Hex Nut 6,HJ-3824,,0,,2014-02-08 10:01:36.827
367,Thin-Jam Hex Nut 3,HJ-5161,,0,,2014-02-08 10:01:36.827
368,Thin-Jam Hex Nut 4,HJ-5162,,0,,2014-02-08 10:01:36.827
369,Thin-Jam Hex Nut 13,HJ-5811,,0,,2014-02-08 10:01:36.827
370,Thin-Jam Hex Nut 14,HJ-5818,,0,,2014-02-08 10:01:36.827
371,Thin-Jam Hex Nut 7,HJ-7161,,0,,2014-02-08 10:01:36.827
372,Thin-Jam Hex Nut 8,HJ-7162,,0,,2014-02-08 10:01:36.827
373,Thin-Jam Hex Nut 12,HJ-9080,,0,,2014-02-08 10:01:36.827
374,Thin-Jam Hex Nut 11,HJ-9161,,0,,2014-02-08 10:01:36.827
375,Hex Nut 5,HN-1024,,0,,2014-02-08 10:01:36.827
376,Hex Nut 6,HN-1032,,0,,2014-02-08 10:01:36.827
377,Hex Nut 16,HN-1213,,0,,2014-02-08 10:01:36.827
378,Hex Nut 17,HN-1220,,0,,2014-02-08 10:01:36.827
379,Hex Nut 7,HN-1224,,0,,2014-02-08 10:01:36.827
380,Hex Nut 8,HN-1420,,0,,2014-02-08 10:01:36.827
381,Hex Nut 9,HN-1428,,0,,2014-02-08 10:01:36.827
382,Hex Nut 22,HN-3410,,0,,2014-02-08 10:01:36.827
383,Hex Nut 23,HN-3416,,0,,2014-02-08 10:01:36.827
384,Hex Nut 12,HN-3816,,0,,2014-02-08 10:01:36.827
385,Hex Nut 13,HN-3824,,0,,2014-02-08 10:01:36.827
386,Hex Nut 1,HN-4402,,0,,2014-02-08 10:01:36.827
387,Hex Nut 10,HN-5161,,0,,2014-02-08 10:01:36.827
388,Hex Nut 11,HN-5162,,0,,2014-02-08 10:01:36.827
389,Hex Nut 2,HN-5400,,0,,2014-02-08 10:01:36.827
390,Hex Nut 20,HN-5811,,0,,2014-02-08 10:01:36.827
391,Hex Nut 21,HN-5818,,0,,2014-02-08 10:01:36.827
392,Hex Nut 3,HN-6320,,0,,2014-02-08 10:01:36.827
393,Hex Nut 14,HN-7161,,0,,2014-02-08 10:01:36.827
394,Hex Nut 15,HN-7162,,0,,2014-02-08 10:01:36.827
395,Hex Nut 4,HN-8320,,0,,2014-02-08 10:01:36.827
396,Hex Nut 18,HN-9161,,0,,2014-02-08 10:01:36.827
397,Hex Nut 19,HN-9168,,0,,2014-02-08 10:01:36.827
398,Handlebar Tube,HT-2981,,0,,2014-02-08 10:01:36.827
399,Head Tube,HT-8019,,0,,2014-02-08 10:01:36.827
400,LL Hub,HU-6280,,0,,2014-02-08 10:01:36.827
401,HL Hub,HU-8998,,0,,2014-02-08 10:01:36.827
402,Keyed Washer,KW-4091,,0,,2014-02-08 10:01:36.827
403,External Lock Washer 3,LE-1000,,0,,2014-02-08 10:01:36.827
404,External Lock Washer 4,LE-1200,,0,,2014-02-08 10:01:36.827
405,External Lock Washer 9,LE-1201,,0,,2014-02-08 10:01:36.827
406,External Lock Washer 5,LE-1400,,0,,2014-02-08 10:01:36.827
407,External Lock Washer 7,LE-3800,,0,,2014-02-08 10:01:36.827
408,External Lock Washer 6,LE-5160,,0,,2014-02-08 10:01:36.827
409,External Lock Washer 1,LE-6000,,0,,2014-02-08 10:01:36.827
410,External Lock Washer 8,LE-7160,,0,,2014-02-08 10:01:36.827
411,External Lock Washer 2,LE-8000,,0,,2014-02-08 10:01:36.827
412,Internal Lock Washer 3,LI-1000,,0,,2014-02-08 10:01:36.827
413,Internal Lock Washer 4,LI-1200,,0,,2014-02-08 10:01:36.827
414,Internal Lock Washer 9,LI-1201,,0,,2014-02-08 10:01:36.827
415,Internal Lock Washer 5,LI-1400,,0,,2014-02-08 10:01:36.827
416,Internal Lock Washer 7,LI-3800,,0,,2014-02-08 10:01:36.827
417,Internal Lock Washer 6,LI-5160,,0,,2014-02-08 10:01:36.827
418,Internal Lock Washer 10,LI-5800,,0,,2014-02-08 10:01:36.827
419,Internal Lock Washer 1,LI-6000,,0,,2014-02-08 10:01:36.827
420,Internal Lock Washer 8,LI-7160,,0,,2014-02-08 10:01:36.827
421,Internal Lock Washer 2,LI-8000,,0,,2014-02-08 10:01:36.827
422,Thin-Jam Lock Nut 9,LJ-1213,,0,,2014-02-08 10:01:36.827
423,Thin-Jam Lock Nut 10,LJ-1220,,0,,2014-02-08 10:01:36.827
424,Thin-Jam Lock Nut 1,LJ-1420,,0,,2014-02-08 10:01:36.827
425,Thin-Jam Lock Nut 2,LJ-1428,,0,,2014-02-08 10:01:36.827
426,Thin-Jam Lock Nut 15,LJ-3410,,0,,2014-02-08 10:01:36.827
427,Thin-Jam Lock Nut 16,LJ-3416,,0,,2014-02-08 10:01:36.827
428,Thin-Jam Lock Nut 5,LJ-3816,,0,,2014-02-08 10:01:36.827
429,Thin-Jam Lock Nut 6,LJ-3824,,0,,2014-02-08 10:01:36.827
430,Thin-Jam Lock Nut 3,LJ-5161,,0,,2014-02-08 10:01:36.827
431,Thin-Jam Lock Nut 4,LJ-5162,,0,,2014-02-08 10:01:36.827
432,Thin-Jam Lock Nut 13,LJ-5811,,0,,2014-02-08 10:01:36.827
433,Thin-Jam Lock Nut 14,LJ-5818,,0,,2014-02-08 10:01:36.827
434,Thin-Jam Lock Nut 7,LJ-7161,,0,,2014-02-08 10:01:36.827
435,Thin-Jam Lock Nut 8,LJ-7162,,0,,2014-02-08 10:01:36.827
436,Thin-Jam Lock Nut 12,LJ-9080,,0,,2014-02-08 10:01:36.827
437,Thin-Jam Lock Nut 11,LJ-9161,,0,,2014-02-08 10:01:36.827
438,Lock Nut 5,LN-1024,,0,,2014-02-08 10:01:36.827
439,Lock Nut 6,LN-1032,,0,,2014-02-08 10:01:36.827
440,Lock Nut 16,LN-1213,,0,,2014-02-08 10:01:36.827
441,Lock Nut 17,LN-1220,,0,,2014-02-08 10:01:36.827
442,Lock Nut 7,LN-1224,,0,,2014-02-08 10:01:36.827
443,Lock Nut 8,LN-1420,,0,,2014-02-08 10:01:36.827
444,Lock Nut 9,LN-1428,,0,,2014-02-08 10:01:36.827
445,Lock Nut 22,LN-3410,,0,,2014-02-08 10:01:36.827
446,Lock Nut 23,LN-3416,,0,,2014-02-08 10:01:36.827
447,Lock Nut 12,LN-3816,,0,,2014-02-08 10:01:36.827
448,Lock Nut 13,LN-3824,,0,,2014-02-08 10:01:36.827
449,Lock Nut 1,LN-4400,,0,,2014-02-08 10:01:36.827
450,Lock Nut 10,LN-5161,,0,,2014-02-08 10:01:36.827
451,Lock Nut 11,LN-5162,,0,,2014-02-08 10:01:36.827
452,Lock Nut 2,LN-5400,,0,,2014-02-08 10:01:36.827
453,Lock Nut 20,LN-5811,,0,,2014-02-08 10:01:36.827
454,Lock Nut 21,LN-5818,,0,,2014-02-08 10:01:36.827
455,Lock Nut 3,LN-6320,,0,,2014-02-08 10:01:36.827
456,Lock Nut 14,LN-7161,,0,,2014-02-08 10:01:36.827
457,Lock Nut 15,LN-7162,,0,,2014-02-08 10:01:36.827
458,Lock Nut 4,LN-8320,,0,,2014-02-08 10:01:36.827
459,Lock Nut 19,LN-9080,,0,,2014-02-08 10:01:36.827
460,Lock Nut 18,LN-9161,,0,,2014-02-08 10:01:36.827
461,Lock Ring,LR-2398,Silver,0,,2014-02-08 10:01:36.827
462,Lower Head Race,LR-8520,,0,,2014-02-08 10:01:36.827
463,Lock Washer 4,LW-1000,,0,,2014-02-08 10:01:36.827
464,Lock Washer 5,LW-1200,,0,,2014-02-08 10:01:36.827
465,Lock Washer 10,LW-1201,,0,,2014-02-08 10:01:36.827
466,Lock Washer 6,LW-1400,,0,,2014-02-08 10:01:36.827
467,Lock Washer 13,LW-3400,,0,,2014-02-08 10:01:36.827
468,Lock Washer 8,LW-3800,,0,,2014-02-08 10:01:36.827
469,Lock Washer 1,LW-4000,,0,,2014-02-08 10:01:36.827
470,Lock Washer 7,LW-5160,,0,,2014-02-08 10:01:36.827
471,Lock Washer 12,LW-5800,,0,,2014-02-08 10:01:36.827
472,Lock Washer 2,LW-6000,,0,,2014-02-08 10:01:36.827
473,Lock Washer 9,LW-7160,,0,,2014-02-08 10:01:36.827
474,Lock Washer 3,LW-8000,,0,,2014-02-08 10:01:36.827
475,Lock Washer 11,LW-9160,,0,,2014-02-08 10:01:36.827
476,Metal Angle,MA-7075,,0,,2014-02-08 10:01:36.827
477,Metal Bar 1,MB-2024,,0,,2014-02-08 10:01:36.827
478,Metal Bar 2,MB-6061,,0,,2014-02-08 10:01:36.827
479,Metal Plate 2,MP-2066,,0,,2014-02-08 10:01:36.827
480,Metal Plate 1,MP-2503,,0,,2014-02-08 10:01:36.827
481,Metal Plate 3,MP-4960,,0,,2014-02-08 10:01:36.827
482,Metal Sheet 2,MS-0253,,0,,2014-02-08 10:01:36.827
483,Metal Sheet 3,MS-1256,,0,,2014-02-08 10:01:36.827
484,Metal Sheet 7,MS-1981,,0,,2014-02-08 10:01:36.827
485,Metal Sheet 4,MS-2259,,0,,2014-02-08 10:01:36.827
486,Metal Sheet 5,MS-2341,,0,,2014-02-08 10:01:36.827
487,Metal Sheet 6,MS-2348,,0,,2014-02-08 10:01:36.827
488,Metal Sheet 1,MS-6061,,0,,2014-02-08 10:01:36.827
489,Metal Tread Plate,MT-1000,,0,,2014-02-08 10:01:36.827
490,LL Nipple,NI-4127,,0,,2014-02-08 10:01:36.827
491,HL Nipple,NI-9522,,0,,2014-02-08 10:01:36.827
492,Paint - Black,PA-187B,,0,,2014-02-08 10:01:36.827
493,Paint - Red,PA-361R,,0,,2014-02-08 10:01:36.827
494,Paint - Silver,PA-529S,,0,,2014-02-08 10:01:36.827
495,Paint - Blue,PA-632U,,0,,2014-02-08 10:01:36.827
496,Paint - Yellow,PA-823Y,,0,,2014-02-08 10:01:36.827
497,Pinch Bolt,PB-6109,,0,,2014-02-08 10:01:36.827
504,Cup-Shaped Race,RA-2345,,0,,2014-02-08 10:01:36.827
505,Cone-Shaped Race,RA-7490,,0,,2014-02-08 10:01:36.827
506,Reflector,RF-9198,,0,,2014-02-08 10:01:36.827
507,LL Mountain Rim,RM-M464,,0,,2014-02-08 10:01:36.827
508,ML Mountain Rim,RM-M692,,0,,2014-02-08 10:01:36.827
509,HL Mountain Rim,RM-M823,,0,,2014-02-08 10:01:36.827
510,LL Road Rim,RM-R436,,0,,2014-02-08 10:01:36.827
511,ML Road Rim,RM-R600,,0,,2014-02-08 10:01:36.827
512,HL Road Rim,RM-R800,,0,,2014-02-08 10:01:36.827
513,Touring Rim,RM-T801,,0,,2014-02-08 10:01:36.827
514,LL Mountain Seat Assembly,SA-M198,,133.34,,2014-02-08 10:01:36.827
515,ML Mountain Seat Assembly,SA-M237,,147.14,,2014-02-08 10:01:36.827
516,HL Mountain Seat Assembly,SA-M687,,196.92,,2014-02-08 10:01:36.827
517,LL Road Seat Assembly,SA-R127,,133.34,,2014-02-08 10:01:36.827
518,ML Road Seat Assembly,SA-R430,,147.14,,2014-02-08 10:01:36.827
519,HL Road Seat Assembly,SA-R522,,196.92,,2014-02-08 10:01:36.827
520,LL Touring Seat Assembly,SA-T467,,133.34,,2014-02-08 10:01:36.827
521,ML Touring Seat Assembly,SA-T612,,147.14,,2014-02-08 10:01:36.827
522,HL Touring Seat Assembly,SA-T872,,196.92,,2014-02-08 10:01:36.827
523,LL Spindle/Axle,SD-2342,,0,,2014-02-08 10:01:36.827
524,HL Spindle/Axle,SD-9872,,0,,2014-02-08 10:01:36.827
525,LL Shell,SH-4562,,0,,2014-02-08 10:01:36.827
526,HL Shell,SH-9312,,0,,2014-02-08 10:01:36.827
527,Spokes,SK-9283,,0,,2014-02-08 10:01:36.827
528,Seat Lug,SL-0931,,0,,2014-02-08 10:01:36.827
529,Stem,SM-9087,,0,,2014-02-08 10:01:36.827
530,Seat Post,SP-2981,,0,,2014-02-08 10:01:36.827
531,Steerer,SR-2098,,0,,2014-02-08 10:01:36.827
532,Seat Stays,SS-2985,,0,,2014-02-08 10:01:36.827
533,Seat Tube,ST-9828,,0,,2014-02-08 10:01:36.827
534,Top Tube,TO-2301,,0,,2014-02-08 10:01:36.827
535,Tension Pulley,TP-0923,,0,,2014-02-08 10:01:36.827
679,Rear Derailleur Cage,RC-0291,Silver,0,,2014-02-08 10:01:36.827
680,"HL Road Frame - Black, 58",FR-R92B-58,Black,1431.5,14,2014-02-08 10:01:36.827
706,"HL Road Frame - Red, 58",FR-R92R-58,Red,1431.5,14,2014-02-08 10:01:36.827
707,"Sport-100 Helmet, Red",HL-U509-R,Red,34.99,31,2014-02-08 10:01:36.827
708,"Sport-100 Helmet, Black",HL-U509,Black,34.99,31,2014-02-08 10:01:36.827
709,"Mountain Bike Socks, M",SO-B909-M,White,9.5,23,2014-02-08 10:01:36.827
710,"Mountain Bike Socks, L",SO-B909-L,White,9.5,23,2014-02-08 10:01:36.827
711,"Sport-100 Helmet, Blue",HL-U509-B,Blue,34.99,31,2014-02-08 10:01:36.827
712,AWC Logo Cap,CA-1098,Multi,8.99,19,2014-02-08 10:01:36.827
713,"Long-Sleeve Logo Jersey, S",LJ-0192-S,Multi,49.99,21,2014-02-08 10:01:36.827
714,"Long-Sleeve Logo Jersey, M",LJ-0192-M,Multi,49.99,21,2014-02-08 10:01:36.827
715,"Long-Sleeve Logo Jersey, L",LJ-0192-L,Multi,49.99,21,2014-02-08 10:01:36.827
716,"Long-Sleeve Logo Jersey, XL",LJ-0192-X,Multi,49.99,21,2014-02-08 10:01:36.827
717,"HL Road Frame - Red, 62",FR-R92R-62,Red,1431.5,14,2014-02-08 10:01:36.827
718,"HL Road Frame - Red, 44",FR-R92R-44,Red,1431.5,14,2014-02-08 10:01:36.827
719,"HL Road Frame - Red, 48",FR-R92R-48,Red,1431.5,14,2014-02-08 10:01:36.827
720,"HL Road Frame - Red, 52",FR-R92R-52,Red,1431.5,14,2014-02-08 10:01:36.827
721,"HL Road Frame - Red, 56",FR-R92R-56,Red,1431.5,14,2014-02-08 10:01:36.827
722,"LL Road Frame - Black, 58",FR-R38B-58,Black,337.22,14,2014-02-08 10:01:36.827
723,"LL Road Frame - Black, 60",FR-R38B-60,Black,337.22,14,2014-02-08 10:01:36.827
724,"LL Road Frame - Black, 62",FR-R38B-62,Black,337.22,14,2014-02-08 10:01:36.827
725,"LL Road Frame - Red, 44",FR-R38R-44,Red,337.22,14,2014-02-08 10:01:36.827
726,"LL Road Frame - Red, 48",FR-R38R-48,Red,337.22,14,2014-02-08 10:01:36.827
727,"LL Road Frame - Red, 52",FR-R38R-52,Red,337.22,14,2014-02-08 10:01:36.827
728,"LL Road Frame - Red, 58",FR-R38R-58,Red,337.22,14,2014-02-08 10:01:36.827
729,"LL Road Frame - Red, 60",FR-R38R-60,Red,337.22,14,2014-02-08 10:01:36.827
730,"LL Road Frame - Red, 62",FR-R38R-62,Red,337.22,14,2014-02-08 10:01:36.827
731,"ML Road Frame - Red, 44",FR-R72R-44,Red,594.83,14,2014-02-08 10:01:36.827
732,"ML Road Frame - Red, 48",FR-R72R-48,Red,594.83,14,2014-02-08 10:01:36.827
733,"ML Road Frame - Red, 52",FR-R72R-52,Red,594.83,14,2014-02-08 10:01:36.827
734,"ML Road Frame - Red, 58",FR-R72R-58,Red,594.83,14,2014-02-08 10:01:36.827
735,"ML Road Frame - Red, 60",FR-R72R-60,Red,594.83,14,2014-02-08 10:01:36.827
736,"LL Road Frame - Black, 44",FR-R38B-44,Black,337.22,14,2014-02-08 10:01:36.827
737,"LL Road Frame - Black, 48",FR-R38B-48,Black,337.22,14,2014-02-08 10:01:36.827
738,"LL Road Frame - Black, 52",FR-R38B-52,Black,337.22,14,2014-02-08 10:01:36.827
739,"HL Mountain Frame - Silver, 42",FR-M94S-42,Silver,1364.5,12,2014-02-08 10:01:36.827
740,"HL Mountain Frame - Silver, 44",FR-M94S-44,Silver,1364.5,12,2014-02-08 10:01:36.827
741,"HL Mountain Frame - Silver, 48",FR-M94S-52,Silver,1364.5,12,2014-02-08 10:01:36.827
742,"HL Mountain Frame - Silver, 46",FR-M94S-46,Silver,1364.5,12,2014-02-08 10:01:36.827
743,"HL Mountain Frame - Black, 42",FR-M94B-42,Black,1349.6,12,2014-02-08 10:01:36.827
744,"HL Mountain Frame - Black, 44",FR-M94B-44,Black,1349.6,12,2014-02-08 10:01:36.827
745,"HL Mountain Frame - Black, 48",FR-M94B-48,Black,1349.6,12,2014-02-08 10:01:36.827
746,"HL Mountain Frame - Black, 46",FR-M94B-46,Black,1349.6,12,2014-02-08 10:01:36.827
747,"HL Mountain Frame - Black, 38",FR-M94B-38,Black,1349.6,12,2014-02-08 10:01:36.827
748,"HL Mountain Frame - Silver, 38",FR-M94S-38,Silver,1364.5,12,2014-02-08 10:01:36.827
749,"Road-150 Red, 62",BK-R93R-62,Red,3578.27,2,2014-02-08 10:01:36.827
750,"Road-150 Red, 44",BK-R93R-44,Red,3578.27,2,2014-02-08 10:01:36.827
751,"Road-150 Red, 48",BK-R93R-48,Red,3578.27,2,2014-02-08 10:01:36.827
752,"Road-150 Red, 52",BK-R93R-52,Red,3578.27,2,2014-02-08 10:01:36.827
753,"Road-150 Red, 56",BK-R93R-56,Red,3578.27,2,2014-02-08 10:01:36.827
754,"Road-450 Red, 58",BK-R68R-58,Red,1457.99,2,2014-02-08 10:01:36.827
755,"Road-450 Red, 60",BK-R68R-60,Red,1457.99,2,2014-02-08 10:01:36.827
756,"Road-450 Red, 44",BK-R68R-44,Red,1457.99,2,2014-02-08 10:01:36.827
757,"Road-450 Red, 48",BK-R68R-48,Red,1457.99,2,2014-02-08 10:01:36.827
758,"Road-450 Red, 52",BK-R68R-52,Red,1457.99,2,2014-02-08 10:01:36.827
759,"Road-650 Red, 58",BK-R50R-58,Red,782.99,2,2014-02-08 10:01:36.827
760,"Road-650 Red, 60",BK-R50R-60,Red,782.99,2,2014-02-08 10:01:36.827
761,"Road-650 Red, 62",BK-R50R-62,Red,782.99,2,2014-02-08 10:01:36.827
762,"Road-650 Red, 44",BK-R50R-44,Red,782.99,2,2014-02-08 10:01:36.827
763,"Road-650 Red, 48",BK-R50R-48,Red,782.99,2,2014-02-08 10:01:36.827
764,"Road-650 Red, 52",BK-R50R-52,Red,782.99,2,2014-02-08 10:01:36.827
765,"Road-650 Black, 58",BK-R50B-58,Black,782.99,2,2014-02-08 10:01:36.827
766,"Road-650 Black, 60",BK-R50B-60,Black,782.99,2,2014-02-08 10:01:36.827
767,"Road-650 Black, 62",BK-R50B-62,Black,782.99,2,2014-02-08 10:01:36.827
768,"Road-650 Black, 44",BK-R50B-44,Black,782.99,2,2014-02-08 10:01:36.827
769,"Road-650 Black, 48",BK-R50B-48,Black,782.99,2,2014-02-08 10:01:36.827
770,"Road-650 Black, 52",BK-R50B-52,Black,782.99,2,2014-02-08 10:01:36.827
771,"Mountain-100 Silver, 38",BK-M82S-38,Silver,3399.99,1,2014-02-08 10:01:36.827
772,"Mountain-100 Silver, 42",BK-M82S-42,Silver,3399.99,1,2014-02-08 10:01:36.827
773,"Mountain-100 Silver, 44",BK-M82S-44,Silver,3399.99,1,2014-02-08 10:01:36.827
774,"Mountain-100 Silver, 48",BK-M82S-48,Silver,3399.99,1,2014-02-08 10:01:36.827
775,"Mountain-100 Black, 38",BK-M82B-38,Black,3374.99,1,2014-02-08 10:01:36.827
776,"Mountain-100 Black, 42",BK-M82B-42,Black,3374.99,1,2014-02-08 10:01:36.827
777,"Mountain-100 Black, 44",BK-M82B-44,Black,3374.99,1,2014-02-08 10:01:36.827
778,"Mountain-100 Black, 48",BK-M82B-48,Black,3374.99,1,2014-02-08 10:01:36.827
779,"Mountain-200 Silver, 38",BK-M68S-38,Silver,2319.99,1,2014-02-08 10:01:36.827
780,"Mountain-200 Silver, 42",BK-M68S-42,Silver,2319.99,1,2014-02-08 10:01:36.827
781,"Mountain-200 Silver, 46",BK-M68S-46,Silver,2319.99,1,2014-02-08 10:01:36.827
782,"Mountain-200 Black, 38",BK-M68B-38,Black,2294.99,1,2014-02-08 10:01:36.827
783,"Mountain-200 Black, 42",BK-M68B-42,Black,2294.99,1,2014-02-08 10:01:36.827
784,"Mountain-200 Black, 46",BK-M68B-46,Black,2294.99,1,2014-02-08 10:01:36.827
785,"Mountain-300 Black, 38",BK-M47B-38,Black,1079.99,1,2014-02-08 10:01:36.827
786,"Mountain-300 Black, 40",BK-M47B-40,Black,1079.99,1,2014-02-08 10:01:36.827
787,"Mountain-300 Black, 44",BK-M47B-44,Black,1079.99,1,2014-02-08 10:01:36.827
788,"Mountain-300 Black, 48",BK-M47B-48,Black,1079.99,1,2014-02-08 10:01:36.827
789,"Road-250 Red, 44",BK-R89R-44,Red,2443.35,2,2014-02-08 10:01:36.827
790,"Road-250 Red, 48",BK-R89R-48,Red,2443.35,2,2014-02-08 10:01:36.827
791,"Road-250 Red, 52",BK-R89R-52,Red,2443.35,2,2014-02-08 10:01:36.827
792,"Road-250 Red, 58",BK-R89R-58,Red,2443.35,2,2014-02-08 10:01:36.827
793,"Road-250 Black, 44",BK-R89B-44,Black,2443.35,2,2014-02-08 10:01:36.827
794,"Road-250 Black, 48",BK-R89B-48,Black,2443.35,2,2014-02-08 10:01:36.827
795,"Road-250 Black, 52",BK-R89B-52,Black,2443.35,2,2014-02-08 10:01:36.827
796,"Road-250 Black, 58",BK-R89B-58,Black,2443.35,2,2014-02-08 10:01:36.827
797,"Road-550-W Yellow, 38",BK-R64Y-38,Yellow,1120.49,2,2014-02-08 10:01:36.827
798,"Road-550-W Yellow, 40",BK-R64Y-40,Yellow,1120.49,2,2014-02-08 10:01:36.827
799,"Road-550-W Yellow, 42",BK-R64Y-42,Yellow,1120.49,2,2014-02-08 10:01:36.827
800,"Road-550-W Yellow, 44",BK-R64Y-44,Yellow,1120.49,2,2014-02-08 10:01:36.827
801,"Road-550-W Yellow, 48",BK-R64Y-48,Yellow,1120.49,2,2014-02-08 10:01:36.827
802,LL Fork,FK-1639,,148.22,10,2014-02-08 10:01:36.827
803,ML Fork,FK-5136,,175.49,10,2014-02-08 10:01:36.827
804,HL Fork,FK-9939,,229.49,10,2014-02-08 10:01:36.827
805,LL Headset,HS-0296,,34.2,11,2014-02-08 10:01:36.827
806,ML Headset,HS-2451,,102.29,11,2014-02-08 10:01:36.827
807,HL Headset,HS-3479,,124.73,11,2014-02-08 10:01:36.827
808,LL Mountain Handlebars,HB-M243,,44.54,4,2014-02-08 10:01:36.827
809,ML Mountain Handlebars,HB-M763,,61.92,4,2014-02-08 10:01:36.827
810,HL Mountain Handlebars,HB-M918,,120.27,4,2014-02-08 10:01:36.827
811,LL Road Handlebars,HB-R504,,44.54,4,2014-02-08 10:01:36.827
812,ML Road Handlebars,HB-R720,,61.92,4,2014-02-08 10:01:36.827
813,HL Road Handlebars,HB-R956,,120.27,4,2014-02-08 10:01:36.827
814,"ML Mountain Frame - Black, 38",FR-M63B-38,Black,348.76,12,2014-02-08 10:01:36.827
815,LL Mountain Front Wheel,FW-M423,Black,60.745,17,2014-02-08 10:01:36.827
816,ML Mountain Front Wheel,FW-M762,Black,209.025,17,2014-02-08 10:01:36.827
817,HL Mountain Front Wheel,FW-M928,Black,300.215,17,2014-02-08 10:01:36.827
818,LL Road Front Wheel,FW-R623,Black,85.565,17,2014-02-08 10:01:36.827
819,ML Road Front Wheel,FW-R762,Black,248.385,17,2014-02-08 10:01:36.827
820,HL Road Front Wheel,FW-R820,Black,330.06,17,2014-02-08 10:01:36.827
821,Touring Front Wheel,FW-T905,Black,218.01,17,2014-02-08 10:01:36.827
822,"ML Road Frame-W - Yellow, 38",FR-R72Y-38,Yellow,594.83,14,2014-02-08 10:01:36.827
823,LL Mountain Rear Wheel,RW-M423,Black,87.745,17,2014-02-08 10:01:36.827
824,ML Mountain Rear Wheel,RW-M762,Black,236.025,17,2014-02-08 10:01:36.827
825,HL Mountain Rear Wheel,RW-M928,Black,327.215,17,2014-02-08 10:01:36.827
826,LL Road Rear Wheel,RW-R623,Black,112.565,17,2014-02-08 10:01:36.827
827,ML Road Rear Wheel,RW-R762,Black,275.385,17,2014-02-08 10:01:36.827
828,HL Road Rear Wheel,RW-R820,Black,357.06,17,2014-02-08 10:01:36.827
829,Touring Rear Wheel,RW-T905,Black,245.01,17,2014-02-08 10:01:36.827
830,"ML Mountain Frame - Black, 40",FR-M63B-40,Black,348.76,12,2014-02-08 10:01:36.827
831,"ML Mountain Frame - Black, 44",FR-M63B-44,Black,348.76,12,2014-02-08 10:01:36.827
832,"ML Mountain Frame - Black, 48",FR-M63B-48,Black,348.76,12,2014-02-08 10:01:36.827
833,"ML Road Frame-W - Yellow, 40",FR-R72Y-40,Yellow,594.83,14,2014-02-08 10:01:36.827
834,"ML Road Frame-W - Yellow, 42",FR-R72Y-42,Yellow,594.83,14,2014-02-08 10:01:36.827
835,"ML Road Frame-W - Yellow, 44",FR-R72Y-44,Yellow,594.83,14,2014-02-08 10:01:36.827
836,"ML Road Frame-W - Yellow, 48",FR-R72Y-48,Yellow,594.83,14,2014-02-08 10:01:36.827
837,"HL Road Frame - Black, 62",FR-R92B-62,Black,1431.5,14,2014-02-08 10:01:36.827
838,"HL Road Frame - Black, 44",FR-R92B-44,Black,1431.5,14,2014-02-08 10:01:36.827
839,"HL Road Frame - Black, 48",FR-R92B-48,Black,1431.5,14,2014-02-08 10:01:36.827
840,"HL Road Frame - Black, 52",FR-R92B-52,Black,1431.5,14,2014-02-08 10:01:36.827
841,"Men's Sports Shorts, S",SH-M897-S,Black,59.99,22,2014-02-08 10:01:36.827
842,"Touring-Panniers, Large",PA-T100,Grey,125,35,2014-02-08 10:01:36.827
843,Cable Lock,LO-C100,,25,34,2014-02-08 10:01:36.827
844,Minipump,PU-0452,,19.99,36,2014-02-08 10:01:36.827
845,Mountain Pump,PU-M044,,24.99,36,2014-02-08 10:01:36.827
846,Taillights - Battery-Powered,LT-T990,,13.99,33,2014-02-08 10:01:36.827
847,Headlights - Dual-Beam,LT-H902,,34.99,33,2014-02-08 10:01:36.827
848,Headlights - Weatherproof,LT-H903,,44.99,33,2014-02-08 10:01:36.827
849,"Men's Sports Shorts, M",SH-M897-M,Black,59.99,22,2014-02-08 10:01:36.827
850,"Men's Sports Shorts, L",SH-M897-L,Black,59.99,22,2014-02-08 10:01:36.827
851,"Men's Sports Shorts, XL",SH-M897-X,Black,59.99,22,2014-02-08 10:01:36.827
852,"Women's Tights, S",TG-W091-S,Black,74.99,24,2014-02-08 10:01:36.827
853,"Women's Tights, M",TG-W091-M,Black,74.99,24,2014-02-08 10:01:36.827
854,"Women's Tights, L",TG-W091-L,Black,74.99,24,2014-02-08 10:01:36.827
855,"Men's Bib-Shorts, S",SB-M891-S,Multi,89.99,18,2014-02-08 10:01:36.827
856,"Men's Bib-Shorts, M",SB-M891-M,Multi,89.99,18,2014-02-08 10:01:36.827
857,"Men's Bib-Shorts, L",SB-M891-L,Multi,89.99,18,2014-02-08 10:01:36.827
858,"Half-Finger Gloves, S",GL-H102-S,Black,24.49,20,2014-02-08 10:01:36.827
859,"Half-Finger Gloves, M",GL-H102-M,Black,24.49,20,2014-02-08 10:01:36.827
860,"Half-Finger Gloves, L",GL-H102-L,Black,24.49,20,2014-02-08 10:01:36.827
861,"Full-Finger Gloves, S",GL-F110-S,Black,37.99,20,2014-02-08 10:01:36.827
862,"Full-Finger Gloves, M",GL-F110-M,Black,37.99,20,2014-02-08 10:01:36.827
863,"Full-Finger Gloves, L",GL-F110-L,Black,37.99,20,2014-02-08 10:01:36.827
864,"Classic Vest, S",VE-C304-S,Blue,63.5,25,2014-02-08 10:01:36.827
865,"Classic Vest, M",VE-C304-M,Blue,63.5,25,2014-02-08 10:01:36.827
866,"Classic Vest, L",VE-C304-L,Blue,63.5,25,2014-02-08 10:01:36.827
867,"Women's Mountain Shorts, S",SH-W890-S,Black,69.99,22,2014-02-08 10:01:36.827
868,"Women's Mountain Shorts, M",SH-W890-M,Black,69.99,22,2014-02-08 10:01:36.827
869,"Women's Mountain Shorts, L",SH-W890-L,Black,69.99,22,2014-02-08 10:01:36.827
870,Water Bottle - 30 oz.,WB-H098,,4.99,28,2014-02-08 10:01:36.827
871,Mountain Bottle Cage,BC-M005,,9.99,28,2014-02-08 10:01:36.827
872,Road Bottle Cage,BC-R205,,8.99,28,2014-02-08 10:01:36.827
873,Patch Kit/8 Patches,PK-7098,,2.29,37,2014-02-08 10:01:36.827
874,"Racing Socks, M",SO-R809-M,White,8.99,23,2014-02-08 10:01:36.827
875,"Racing Socks, L",SO-R809-L,White,8.99,23,2014-02-08 10:01:36.827
876,Hitch Rack - 4-Bike,RA-H123,,120,26,2014-02-08 10:01:36.827
877,Bike Wash - Dissolver,CL-9009,,7.95,29,2014-02-08 10:01:36.827
878,Fender Set - Mountain,FE-6654,,21.98,30,2014-02-08 10:01:36.827
879,All-Purpose Bike Stand,ST-1401,,159,27,2014-02-08 10:01:36.827
880,Hydration Pack - 70 oz.,HY-1023-70,Silver,54.99,32,2014-02-08 10:01:36.827
881,"Short-Sleeve Classic Jersey, S",SJ-0194-S,Yellow,53.99,21,2014-02-08 10:01:36.827
882,"Short-Sleeve Classic Jersey, M",SJ-0194-M,Yellow,53.99,21,2014-02-08 10:01:36.827
883,"Short-Sleeve Classic Jersey, L",SJ-0194-L,Yellow,53.99,21,2014-02-08 10:01:36.827
884,"Short-Sleeve Classic Jersey, XL",SJ-0194-X,Yellow,53.99,21,2014-02-08 10:01:36.827
885,"HL Touring Frame - Yellow, 60",FR-T98Y-60,Yellow,1003.91,16,2014-02-08 10:01:36.827
886,"LL Touring Frame - Yellow, 62",FR-T67Y-62,Yellow,333.42,16,2014-02-08 10:01:36.827
887,"HL Touring Frame - Yellow, 46",FR-T98Y-46,Yellow,1003.91,16,2014-02-08 10:01:36.827
888,"HL Touring Frame - Yellow, 50",FR-T98Y-50,Yellow,1003.91,16,2014-02-08 10:01:36.827
889,"HL Touring Frame - Yellow, 54",FR-T98Y-54,Yellow,1003.91,16,2014-02-08 10:01:36.827
890,"HL Touring Frame - Blue, 46",FR-T98U-46,Blue,1003.91,16,2014-02-08 10:01:36.827
891,"HL Touring Frame - Blue, 50",FR-T98U-50,Blue,1003.91,16,2014-02-08 10:01:36.827
892,"HL Touring Frame - Blue, 54",FR-T98U-54,Blue,1003.91,16,2014-02-08 10:01:36.827
893,"HL Touring Frame - Blue, 60",FR-T98U-60,Blue,1003.91,16,2014-02-08 10:01:36.827
894,Rear Derailleur,RD-2308,Silver,121.46,9,2014-02-08 10:01:36.827
895,"LL Touring Frame - Blue, 50",FR-T67U-50,Blue,333.42,16,2014-02-08 10:01:36.827
896,"LL Touring Frame - Blue, 54",FR-T67U-54,Blue,333.42,16,2014-02-08 10:01:36.827
897,"LL Touring Frame - Blue, 58",FR-T67U-58,Blue,333.42,16,2014-02-08 10:01:36.827
898,"LL Touring Frame - Blue, 62",FR-T67U-62,Blue,333.42,16,2014-02-08 10:01:36.827
899,"LL Touring Frame - Yellow, 44",FR-T67Y-44,Yellow,333.42,16,2014-02-08 10:01:36.827
900,"LL Touring Frame - Yellow, 50",FR-T67Y-50,Yellow,333.42,16,2014-02-08 10:01:36.827
901,"LL Touring Frame - Yellow, 54",FR-T67Y-54,Yellow,333.42,16,2014-02-08 10:01:36.827
902,"LL Touring Frame - Yellow, 58",FR-T67Y-58,Yellow,333.42,16,2014-02-08 10:01:36.827
903,"LL Touring Frame - Blue, 44",FR-T67U-44,Blue,333.42,16,2014-02-08 10:01:36.827
904,"ML Mountain Frame-W - Silver, 40",FR-M63S-40,Silver,364.09,12,2014-02-08 10:01:36.827
905,"ML Mountain Frame-W - Silver, 42",FR-M63S-42,Silver,364.09,12,2014-02-08 10:01:36.827
906,"ML Mountain Frame-W - Silver, 46",FR-M63S-46,Silver,364.09,12,2014-02-08 10:01:36.827
907,Rear Brakes,RB-9231,Silver,106.5,6,2014-02-08 10:01:36.827
908,LL Mountain Seat/Saddle,SE-M236,,27.12,15,2014-02-08 10:01:36.827
909,ML Mountain Seat/Saddle,SE-M798,,39.14,15,2014-02-08 10:01:36.827
910,HL Mountain Seat/Saddle,SE-M940,,52.64,15,2014-02-08 10:01:36.827
911,LL Road Seat/Saddle,SE-R581,,27.12,15,2014-02-08 10:01:36.827
912,ML Road Seat/Saddle,SE-R908,,39.14,15,2014-02-08 10:01:36.827
913,HL Road Seat/Saddle,SE-R995,,52.64,15,2014-02-08 10:01:36.827
914,LL Touring Seat/Saddle,SE-T312,,27.12,15,2014-02-08 10:01:36.827
915,ML Touring Seat/Saddle,SE-T762,,39.14,15,2014-02-08 10:01:36.827
916,HL Touring Seat/Saddle,SE-T924,,52.64,15,2014-02-08 10:01:36.827
917,"LL Mountain Frame - Silver, 42",FR-M21S-42,Silver,264.05,12,2014-02-08 10:01:36.827
918,"LL Mountain Frame - Silver, 44",FR-M21S-44,Silver,264.05,12,2014-02-08 10:01:36.827
919,"LL Mountain Frame - Silver, 48",FR-M21S-48,Silver,264.05,12,2014-02-08 10:01:36.827
920,"LL Mountain Frame - Silver, 52",FR-M21S-52,Silver,264.05,12,2014-02-08 10:01:36.827
921,Mountain Tire Tube,TT-M928,,4.99,37,2014-02-08 10:01:36.827
922,Road Tire Tube,TT-R982,,3.99,37,2014-02-08 10:01:36.827
923,Touring Tire Tube,TT-T092,,4.99,37,2014-02-08 10:01:36.827
924,"LL Mountain Frame - Black, 42",FR-M21B-42,Black,249.79,12,2014-02-08 10:01:36.827
925,"LL Mountain Frame - Black, 44",FR-M21B-44,Black,249.79,12,2014-02-08 10:01:36.827
926,"LL Mountain Frame - Black, 48",FR-M21B-48,Black,249.79,12,2014-02-08 10:01:36.827
927,"LL Mountain Frame - Black, 52",FR-M21B-52,Black,249.79,12,2014-02-08 10:01:36.827
928,LL Mountain Tire,TI-M267,,24.99,37,2014-02-08 10:01:36.827
929,ML Mountain Tire,TI-M602,,29.99,37,2014-02-08 10:01:36.827
930,HL Mountain Tire,TI-M823,,35,37,2014-02-08 10:01:36.827
931,LL Road Tire,TI-R092,,21.49,37,2014-02-08 10:01:36.827
932,ML Road Tire,TI-R628,,24.99,37,2014-02-08 10:01:36.827
933,HL Road Tire,TI-R982,,32.6,37,2014-02-08 10:01:36.827
934,Touring Tire,TI-T723,,28.99,37,2014-02-08 10:01:36.827
935,LL Mountain Pedal,PD-M282,Silver/Black,40.49,13,2014-02-08 10:01:36.827
936,ML Mountain Pedal,PD-M340,Silver/Black,62.09,13,2014-02-08 10:01:36.827
937,HL Mountain Pedal,PD-M562,Silver/Black,80.99,13,2014-02-08 10:01:36.827
938,LL Road Pedal,PD-R347,Silver/Black,40.49,13,2014-02-08 10:01:36.827
939,ML Road Pedal,PD-R563,Silver/Black,62.09,13,2014-02-08 10:01:36.827
940,HL Road Pedal,PD-R853,Silver/Black,80.99,13,2014-02-08 10:03:55.51
941,Touring Pedal,PD-T852,Silver/Black,80.99,13,2014-02-08 10:01:36.827
942,"ML Mountain Frame-W - Silver, 38",FR-M63S-38,Silver,364.09,12,2014-02-08 10:01:36.827
943,"LL Mountain Frame - Black, 40",FR-M21B-40,Black,249.79,12,2014-02-08 10:01:36.827
944,"LL Mountain Frame - Silver, 40",FR-M21S-40,Silver,264.05,12,2014-02-08 10:01:36.827
945,Front Derailleur,FD-2342,Silver,91.49,9,2014-02-08 10:01:36.827
946,LL Touring Handlebars,HB-T721,,46.09,4,2014-02-08 10:01:36.827
947,HL Touring Handlebars,HB-T928,,91.57,4,2014-02-08 10:01:36.827
948,Front Brakes,FB-9873,Silver,106.5,6,2014-02-08 10:01:36.827
949,LL Crankset,CS-4759,Black,175.49,8,2014-02-08 10:01:36.827
950,ML Crankset,CS-6583,Black,256.49,8,2014-02-08 10:01:36.827
951,HL Crankset,CS-9183,Black,404.99,8,2014-02-08 10:01:36.827
952,Chain,CH-0234,Silver,20.24,7,2014-02-08 10:01:36.827
953,"Touring-2000 Blue, 60",BK-T44U-60,Blue,1214.85,3,2014-02-08 10:01:36.827
954,"Touring-1000 Yellow, 46",BK-T79Y-46,Yellow,2384.07,3,2014-02-08 10:01:36.827
955,"Touring-1000 Yellow, 50",BK-T79Y-50,Yellow,2384.07,3,2014-02-08 10:01:36.827
956,"Touring-1000 Yellow, 54",BK-T79Y-54,Yellow,2384.07,3,2014-02-08 10:01:36.827
957,"Touring-1000 Yellow, 60",BK-T79Y-60,Yellow,2384.07,3,2014-02-08 10:01:36.827
958,"Touring-3000 Blue, 54",BK-T18U-54,Blue,742.35,3,2014-02-08 10:01:36.827
959,"Touring-3000 Blue, 58",BK-T18U-58,Blue,742.35,3,2014-02-08 10:01:36.827
960,"Touring-3000 Blue, 62",BK-T18U-62,Blue,742.35,3,2014-02-08 10:01:36.827
961,"Touring-3000 Yellow, 44",BK-T18Y-44,Yellow,742.35,3,2014-02-08 10:01:36.827
962,"Touring-3000 Yellow, 50",BK-T18Y-50,Yellow,742.35,3,2014-02-08 10:01:36.827
963,"Touring-3000 Yellow, 54",BK-T18Y-54,Yellow,742.35,3,2014-02-08 10:01:36.827
964,"Touring-3000 Yellow, 58",BK-T18Y-58,Yellow,742.35,3,2014-02-08 10:01:36.827
965,"Touring-3000 Yellow, 62",BK-T18Y-62,Yellow,742.35,3,2014-02-08 10:01:36.827
966,"Touring-1000 Blue, 46",BK-T79U-46,Blue,2384.07,3,2014-02-08 10:01:36.827
967,"Touring-1000 Blue, 50",BK-T79U-50,Blue,2384.07,3,2014-02-08 10:01:36.827
968,"Touring-1000 Blue, 54",BK-T79U-54,Blue,2384.07,3,2014-02-08 10:01:36.827
969,"Touring-1000 Blue, 60",BK-T79U-60,Blue,2384.07,3,2014-02-08 10:01:36.827
970,"Touring-2000 Blue, 46",BK-T44U-46,Blue,1214.85,3,2014-02-08 10:01:36.827
971,"Touring-2000 Blue, 50",BK-T44U-50,Blue,1214.85,3,2014-02-08 10:01:36.827
972,"Touring-2000 Blue, 54",BK-T44U-54,Blue,1214.85,3,2014-02-08 10:01:36.827
973,"Road-350-W Yellow, 40",BK-R79Y-40,Yellow,1700.99,2,2014-02-08 10:01:36.827
974,"Road-350-W Yellow, 42",BK-R79Y-42,Yellow,1700.99,2,2014-02-08 10:01:36.827
975,"Road-350-W Yellow, 44",BK-R79Y-44,Yellow,1700.99,2,2014-02-08 10:01:36.827
976,"Road-350-W Yellow, 48",BK-R79Y-48,Yellow,1700.99,2,2014-02-08 10:01:36.827
977,"Road-750 Black, 58",BK-R19B-58,Black,539.99,2,2014-02-08 10:01:36.827
978,"Touring-3000 Blue, 44",BK-T18U-44,Blue,742.35,3,2014-02-08 10:01:36.827
979,"Touring-3000 Blue, 50",BK-T18U-50,Blue,742.35,3,2014-02-08 10:01:36.827
980,"Mountain-400-W Silver, 38",BK-M38S-38,Silver,769.49,1,2014-02-08 10:01:36.827
981,"Mountain-400-W Silver, 40",BK-M38S-40,Silver,769.49,1,2014-02-08 10:01:36.827
982,"Mountain-400-W Silver, 42",BK-M38S-42,Silver,769.49,1,2014-02-08 10:01:36.827
983,"Mountain-400-W Silver, 46",BK-M38S-46,Silver,769.49,1,2014-02-08 10:01:36.827
984,"Mountain-500 Silver, 40",BK-M18S-40,Silver,564.99,1,2014-02-08 10:01:36.827
985,"Mountain-500 Silver, 42",BK-M18S-42,Silver,564.99,1,2014-02-08 10:01:36.827
986,"Mountain-500 Silver, 44",BK-M18S-44,Silver,564.99,1,2014-02-08 10:01:36.827
987,"Mountain-500 Silver, 48",BK-M18S-48,Silver,564.99,1,2014-02-08 10:01:36.827
988,"Mountain-500 Silver, 52",BK-M18S-52,Silver,564.99,1,2014-02-08 10:01:36.827
989,"Mountain-500 Black, 40",BK-M18B-40,Black,539.99,1,2014-02-08 10:01:36.827
990,"Mountain-500 Black, 42",BK-M18B-42,Black,539.99,1,2014-02-08 10:01:36.827
991,"Mountain-500 Black, 44",BK-M18B-44,Black,539.99,1,2014-02-08 10:01:36.827
992,"Mountain-500 Black, 48",BK-M18B-48,Black,539.99,1,2014-02-08 10:01:36.827
993,"Mountain-500 Black, 52",BK-M18B-52,Black,539.99,1,2014-02-08 10:01:36.827
994,LL Bottom Bracket,BB-7421,,53.99,5,2014-02-08 10:01:36.827
995,ML Bottom Bracket,BB-8107,,101.24,5,2014-02-08 10:01:36.827
996,HL Bottom Bracket,BB-9108,,121.49,5,2014-02-08 10:01:36.827
997,"Road-750 Black, 44",BK-R19B-44,Black,539.99,2,2014-02-08 10:01:36.827
998,"Road-750 Black, 48",BK-R19B-48,Black,539.99,2,2014-02-08 10:01:36.827
999,"Road-750 Black, 52",BK-R19B-52,Black,539.99,2,2014-02-08 10:01:36.827
